ActorID,ActorName,MovieCount,Actor_AvgRating
nm5919275,Mynavathi,11,9.581818182
nm1172536,Udaya Kumar,44,9.354545455
nm0004660,Rajkumar,209,9.281339713
nm0498645,Leelavathi,55,9.038181818
nm0621245,T.R. Narasimharaju,19,8.968421053
nm0619306,R. Nagendra Rao,11,8.936363636
nm3183374,Balkrishna,94,8.809574468
nm0033175,Arathi,26,8.692307692
nm3583561,Larry Rosen,14,8.471428571
nm1154608,Ashwath,26,8.396153846
nm2594295,Farooq,10,8.35
nm0530820,M.V. Rajamma,22,8.322727273
nm2448004,Thoogudeepa Srinivas,11,8.236363636
nm1101742,Rajesh Hamal,16,8.2125
nm0482730,The Dalai Lama,11,8.209090909
nm0787463,Neer Bikram Shah,11,8.118181818
nm0712854,Jahar Roy,19,8.1
nm0222467,Nibhanani Devi,10,8.1
nm0706839,Pandi Raidhi,10,8.09
nm0222465,Molina Devi,16,8.06875
nm0412910,Ramana Murthi J.V.,10,8.03
nm0541061,Hasan Mammadov,22,8.022727273
nm0017873,Shahmar Alakbarov,10,8.02
nm0203836,Marion Davies,44,8.002272727
nm0619053,Shankar Nag,23,7.982608696
nm0820270,Sriranjani,10,7.96
nm0742930,Kadri Roshi,11,7.954545455
nm0764406,Pahadi Sanyal,37,7.954054054
nm0595934,Mohan Babu,213,7.949295775
nm0889542,Vishnuvardhan,59,7.949152542
nm0075198,Givi Berikashvili,11,7.945454545
nm0436200,Kalpana,31,7.935483871
nm0014141,Bulbul Ahmed,17,7.935294118
nm1007742,Robert Ndrenika,10,7.92
nm0284715,Gamini Fonseka,11,7.918181818
nm0038269,Raisul Islam Asad,21,7.914285714
nm2518312,Anwar Hossain,15,7.913333333
nm0426970,Dolly Johur,11,7.9
nm0784041,Sova Sen,12,7.9
nm0419682,Jayanthi,30,7.9
nm0611538,Madhabi Mukherjee,25,7.884
nm0746961,Chinmoy Roy,11,7.881818182
nm0159337,Kabori Sarwar,12,7.875
nm0707351,Rajanala,15,7.866666667
nm0060610,Gangapada Basu,17,7.858823529
nm0097873,Jiben Bose,14,7.857142857
nm0004631,Seeta Rama Anjaneyulu Chilakalapudi,12,7.85
nm0080247,Bharathi,32,7.8375
nm0236620,Vanja Drach,16,7.83125
nm0154161,Shekhar Chatterjee,17,7.829411765
nm0052332,Kali Bannerjee,44,7.825
nm0659250,Pandharibai,100,7.802
nm0051810,Satya Bannerjee,16,7.8
nm0223591,Dhulipala,12,7.8
nm0052322,Bhanu Bannerjee,62,7.796774194
nm0619057,Nagabhushanam,15,7.793333333
nm6150259,Bobita,31,7.790322581
nm0518090,Lokesh,10,7.79
nm0434263,Kishore Kadam,18,7.788888889
nm0007717,Dodo Abashidze,14,7.778571429
nm5984985,Ramakrishna,12,7.775
nm0593951,Kamal Mitra,20,7.77
nm0052935,Asitbaran,18,7.766666667
nm0631994,Yuriy Nikulin,12,7.766666667
nm0576367,Otar Megvinetukhutsesi,17,7.764705882
nm0135908,Toma Caragiu,35,7.757142857
nm0764017,Charo Santos-Concio,13,7.753846154
nm0049496,Rasim Balayev,15,7.753333333
nm0346614,Ruma Guha Thakurta,19,7.752631579
nm0222444,Chhaya Devi,34,7.75
nm1434574,Panchanan Bhattacharya,10,7.75
nm0611570,Sumitra Mukherjee,30,7.74
nm0442680,Kakhi Kavsadze,13,7.730769231
nm0033320,Reshat Arbana,11,7.727272727
nm1227718,H.G. Dattatreya,15,7.726666667
nm0746916,Mahua Roy Chowdhury,12,7.725
nm2588815,Devika Daftardar,10,7.72
nm0233616,Dexter Doria,11,7.718181818
nm0000122,Charles Chaplin,13,7.715384615
nm2518232,Jairam Kulkarni,14,7.714285714
nm0008704,Joe Abeywickrama,26,7.711538462
nm0839763,Suryakantham,19,7.705263158
nm0080346,Bijon Bhattacharya,11,7.7
nm0222160,Devika,20,7.7
nm0315917,Rabi Ghosh,47,7.69787234
nm0948000,Cem Yilmaz,13,7.684615385
nm0474905,Tarun Kumar,24,7.683333333
nm1272262,Nirmal Kumar,12,7.683333333
nm0439257,Ana Karic,11,7.681818182
nm0538303,Sreela Majumdar,11,7.681818182
nm0746946,Bikash Roy,26,7.680769231
nm0051830,Ajit Banerjee,10,7.68
nm0816296,Fabijan Sovagovic,33,7.678787879
nm0154110,Anil Chatterjee,44,7.675
nm0655799,Padmanabham,16,7.675
nm4661444,Srinath,16,7.675
nm0023062,Sevket Altug,14,7.671428571
nm0613514,Murali Mohan,41,7.670731707
nm1352627,Anup Kumar,70,7.664285714
nm0665794,Gina Patrichi,11,7.663636364
nm1161317,Mithu Mukherjee,16,7.6625
nm0541250,Fakhraddin Manafov,12,7.65
nm0517767,Vasilis Logothetidis,10,7.65
nm0735959,Lolita Rodriguez,11,7.645454545
nm1822342,Upendra Limaye,11,7.645454545
nm0304349,Jahar Ganguli,17,7.641176471
nm0683585,Leo Pilpani,10,7.64
nm0438871,Apostol Karamitev,16,7.6375
nm0747178,Sandhya Roy,42,7.635714286
nm0159350,Supriya Choudhury,36,7.633333333
nm0407572,Jay Ilagan,16,7.63125
nm1376311,Satabdi Roy,16,7.63125
nm0004417,Taraka Rama Rao Nandamuri,127,7.630708661
nm0049380,Balaiah M.,10,7.63
nm2690647,Pankaj Tripathi,10,7.63
nm4923289,Anowara,16,7.625
nm0474907,Uttam Kumar,105,7.622857143
nm0159330,Vasant Choudhury,20,7.62
nm3128068,Mukta Barve,20,7.62
nm0246251,Ilija Dzuvalekovski,15,7.62
nm0080249,Bharati Devi,11,7.618181818
nm1548032,Soumitra Bannerjee,13,7.615384615
nm0710564,Kanta Rao,29,7.610344828
nm1576284,Amruta Subhash,10,7.61
nm0212542,Gita Dey,21,7.60952381
nm0876833,Hasanagha Turabov,12,7.608333333
nm0847243,Sesilia Takaishvili,13,7.607692308
nm0876310,Tulasi,13,7.607692308
nm0896557,Ivica Vidovic,14,7.607142857
nm0464060,Todor Kolev,18,7.605555556
nm0125582,Boris Buzancic,18,7.6
nm0282459,Timo Flloko,13,7.6
nm1194086,Jayanto Chattopadhyay,11,7.6
nm5724719,Achyuth Kumar,28,7.592857143
nm0042124,Nora Aunor,41,7.592682927
nm2153848,Kamal Addaraarachchi,10,7.59
nm6649402,Salman Shah,27,7.588888889
nm0474928,Krishna Kumari,18,7.588888889
nm0006664,Zdenek Sver??k,13,7.584615385
nm0674463,Slobodan 'Cica' Perovic,16,7.58125
nm0080355,Manoranjan Bhattacharya,10,7.58
nm0784042,Suchitra Sen,38,7.578947368
nm0619101,Chittor V. Nagaiah,52,7.578846154
nm0348465,Anubha Gupta,10,7.57
nm0430806,Nivedita Joshi Saraf,10,7.57
nm0708422,P. Ramlee,28,7.567857143
nm0707901,M.G. Ramachandran,87,7.567816092
nm0082011,Severin Bijelic,15,7.566666667
nm1940449,Andrew Garfield,12,7.566666667
nm0759619,Rosy Samad,12,7.566666667
nm0044600,Saroja Devi B.,77,7.566233766
nm0611525,Gyanesh Mukherjee,14,7.564285714
nm3534300,Babusan,19,7.563157895
nm5397578,Szab?? Antal,10,7.56
nm0707951,Bhanumathi Ramakrishna,30,7.556666667
nm1242068,Dilip Prabhavalkar,19,7.552631579
nm0694884,Prabhakar Reddy,29,7.551724138
nm0795552,Shubha,10,7.55
nm0154152,Sabitri Chatterjee,42,7.545238095
nm0273076,Dindo Fernando,16,7.5375
nm0586579,Mikkilineni,11,7.536363636
nm0162958,Stefan Ciubotarasu,14,7.535714286
nm0033171,Michiyo Aratama,31,7.532258065
nm0767800,Savitri,70,7.531428571
nm0245344,Boris Dvornik,31,7.529032258
nm1156849,Ajitesh Bannerjee,15,7.526666667
nm0670946,Amza Pellea,23,7.526086957
nm0788164,Mamata Shankar,13,7.523076923
nm0154164,Soumitra Chatterjee,118,7.518644068
nm0784038,Sener Sen,45,7.515555556
nm0080347,Dhiraj Bhattacharya,14,7.514285714
nm0417310,Showkar Janaki,55,7.510909091
nm0059461,Sunil Barve,10,7.51
nm0594105,Mehar Mittal,22,7.509090909
nm0707947,Ramakrishna,14,7.507142857
nm0841797,Gloria Swanson,37,7.502702703
nm0437147,Kanchana,19,7.5
nm0222432,Anjali Devi,75,7.497333333
nm0420451,Noor Jehan,20,7.495
nm0031967,Aparna Sen,36,7.494444444
nm0766163,Sathyan,10,7.49
nm2846621,Bradford Hill,18,7.488888889
nm1173060,M.R. Radha,33,7.487878788
nm0004471,Subhalekha Sudhakar,16,7.4875
nm0463684,Nevena Kokanova,38,7.484210526
nm3213989,Sanghamitra Bandyopadhyay,12,7.483333333
nm0437786,Kannamba,12,7.483333333
nm0867115,Dorotea Toncheva,12,7.483333333
nm0619047,Anant Nag,66,7.481818182
nm0033818,Tengiz Archvadze,15,7.48
nm0893147,Relangi Venkatramaiah,29,7.479310345
nm0419666,Jayamalini,22,7.477272727
nm0080214,Samit Bhanja,15,7.473333333
nm0154154,Sandhya Rani,15,7.473333333
nm1403402,Raymart Santiago,11,7.472727273
nm0767567,Lyudmila Saveleva,14,7.471428571
nm4941738,Sruthi Hariharan,13,7.469230769
nm2671390,Alamgir,16,7.46875
nm0415582,Kongara Jaggaiah,62,7.466129032
nm2059736,Vishnu Manchu,13,7.461538462
nm0006770,Narayana P.L.,14,7.457142857
nm0417270,Jamuna,42,7.452380952
nm0299885,Varalakshmi G.,21,7.452380952
nm0951309,Ugur Y??cel,10,7.45
nm0899786,Gheorghe Visu,10,7.45
nm0395950,S??ichir?? Hoshi,10,7.45
nm0052621,Uttara Baokar,12,7.45
nm0515104,Boris Livanov,15,7.446666667
nm0889148,Vanisri,52,7.444230769
nm0030894,Jackson Anthony,16,7.44375
nm0386752,Aya Hisakawa,10,7.44
nm0764762,Sharada,80,7.43875
nm0161067,Vasiliy Shukshin,16,7.4375
nm0126909,Ilona B??res,11,7.436363636
nm0466581,Hilda Koronel,28,7.435714286
nm0471771,Miodrag Krivokapic,14,7.435714286
nm0925360,Redford White,13,7.430769231
nm0347953,Gummadi,73,7.430136986
nm0318105,John Gilbert,35,7.428571429
nm2500160,Puneeth Rajkumar,21,7.423809524
nm0149846,Lily Chakravarty,19,7.421052632
nm1007928,Mat Ranillo III,10,7.42
nm0323304,Donald F. Glut,22,7.418181818
nm0830371,Slavko Stimac,19,7.415789474
nm0084435,Chhabi Biswas,45,7.415555556
nm0678284,Miodrag Petrovic-Ckalja,14,7.414285714
nm0052329,Haradhan Bannerjee,28,7.414285714
nm0314775,David Gerrold,21,7.40952381
nm0594348,Seiji Miyaguchi,13,7.407692308
nm2467428,Kyle Rea,13,7.407692308
nm1181843,R.S. Manohar,26,7.407692308
nm0681127,Nilu Phule,14,7.407142857
nm0576404,Sadhu Meher,15,7.406666667
nm1002038,??etin Tekindor,11,7.4
nm0754955,Shin Saburi,21,7.395238095
nm0710036,S.V. Ranga Rao,79,7.393670886
nm0901689,Mihai Volontir,11,7.390909091
nm0253565,Lia Eliava,11,7.390909091
nm0491551,Zarko Lausevic,15,7.386666667
nm0070827,William 'Billy' Benedict,15,7.386666667
nm0714287,Victor Rebengiuc,40,7.3825
nm2486247,Manoj Kumar Manchu,17,7.382352941
nm0159008,Noam Chomsky,10,7.38
nm0000138,Leonardo DiCaprio,27,7.377777778
nm0004291,Nargis,35,7.377142857
nm0036553,Mark Arnold,13,7.376923077
nm0033243,Ramesh Aravind,26,7.376923077
nm0436778,Hiroshi Kamiya,25,7.376
nm0904303,Pavle Vuisic,55,7.374545455
nm1693209,Ramesh Bhat,23,7.373913043
nm0707352,Rajani,19,7.373684211
nm1549743,Dewi Irawan,11,7.372727273
nm0440232,Karthika,11,7.372727273
nm0094083,Sergey Bondarchuk,27,7.37037037
nm0052328,Durgadas Bannerjee,10,7.37
nm0412883,Jayalalitha J,79,7.36835443
nm0149831,Tulsi Chakraborty,25,7.368
nm1257062,Dilhani Ekanayake,10,7.36
nm1393136,Bibhu Bhattacharya,10,7.36
nm1738026,Kaushik Banerjee,22,7.359090909
nm0698200,Petar Prlicko,11,7.354545455
nm0045013,Bronius Babkauskas,11,7.354545455
nm1111524,Arjun Chakraborty,12,7.35
nm0815474,Bert Sotlar,20,7.35
nm0615930,Golam Mustafa,10,7.35
nm0677860,Irina Petrescu,16,7.35
nm0216616,Floren Delbene,15,7.346666667
nm0182819,Octavian Cotescu,24,7.345833333
nm0197558,Oleg Dal,14,7.342857143
nm0764298,Vilma Santos,49,7.340816327
nm0456070,Zura Kipshidze,15,7.34
nm1069584,Rie Kugimiya,11,7.336363636
nm0839017,Kemal Sunal,72,7.336111111
nm1543455,Chiwa Sait??,14,7.335714286
nm0660233,Sebastian Papaiani,23,7.334782609
nm0490058,Latha,15,7.333333333
nm0212541,Dipankar Dey,49,7.332653061
nm1659547,Carey Mulligan,13,7.330769231
nm0027911,Veriko Anjaparidze,10,7.33
nm0476678,Houko Kuwashima,10,7.33
nm0004463,Akkineni Nageshwara Rao,124,7.32983871
nm0471464,Krishnamraju,29,7.327586207
nm0593953,Manoj Mitra,19,7.326315789
nm2794672,Jai Jagdeesh,12,7.325
nm0757327,Takahiro Sakurai,17,7.323529412
nm2068687,Syed Akhtar Ali,13,7.323076923
nm0125904,Leonid Bykov,13,7.323076923
nm0119193,Nonie Buencamino,18,7.322222222
nm4050725,Jason Barker,18,7.322222222
nm0331545,Kiril Gospodinov,10,7.32
nm0015609,Hiroshi Akutagawa,10,7.32
nm0813503,Elena Solovey,19,7.315789474
nm0199029,Reiko Dan,13,7.315384615
nm0620548,Antun Nalis,13,7.315384615
nm0611603,Mukkamala,13,7.315384615
nm0198731,Darko Damevski,10,7.31
nm0408626,Pedro Infante,54,7.309259259
nm1283171,Vandana Gupte,11,7.309090909
nm0141330,Sunset Carson,22,7.309090909
nm0387218,Josef Hlinomaz,13,7.307692308
nm0017988,Mija Aleksic,27,7.307407407
nm0033014,Stojan 'Stole' Arandjelovic,14,7.307142857
nm0805106,Petar Slabakov,19,7.305263158
nm1150184,R. Muthuraman,36,7.302777778
nm0548589,Rade Markovic,41,7.302439024
nm1189040,Tushar Dalvi,12,7.3
nm1328775,Daisuke Ono,11,7.3
nm0155856,Georgi Cherkelov,13,7.3
nm0146431,Philippe Caub??re,12,7.3
nm1871112,Shabana,14,7.3
nm0147367,Ronnie Lazaro,14,7.292857143
nm0000858,John Barrymore,52,7.292307692
nm0820235,Sridhar,12,7.291666667
nm0875362,Y??ko Tsukasa,31,7.290322581
nm0705499,Emilia Radeva,10,7.29
nm0521438,Hanns Lothar,10,7.29
nm1354436,Samita Biswas,10,7.29
nm0705880,Dem Radulescu,25,7.288
nm0904076,Janez Vrhovec,13,7.284615385
nm0746987,Debashree Roy,37,7.283783784
nm0619758,Kottarakkara Sridharan Nair,12,7.283333333
nm0813463,Anatoliy Solonitsyn,12,7.283333333
nm0393109,Takako Honda,12,7.283333333
nm0710623,Raogopalrao,68,7.282352941
nm0620017,Kazuya Nakai,16,7.28125
nm1066777,P.S. Veerappa,10,7.28
nm0154052,Vasanthi Chathurani,10,7.28
nm6174391,Sennalkudi Lakshmi,15,7.28
nm0503095,Evgeniy Leonov,29,7.279310345
nm0618768,Mustafa Nadarevic,28,7.278571429
nm0244870,Guru Dutt,14,7.278571429
nm0442733,Hiroshi Kawaguchi,18,7.277777778
nm0201219,Iurie Darie,22,7.277272727
nm4093958,Saugat Malla,17,7.276470588
nm0154166,Subhendu Chatterjee,38,7.276315789
nm0822002,Silviu Stanculescu,12,7.275
nm0007720,Leila Abashidze,15,7.273333333
nm0840720,Ken'ichi Suzumura,11,7.272727273
nm0121018,Elguja Burduli,11,7.272727273
nm2593193,Abdur Razzak,32,7.271875
nm0890497,Tora Vasilescu,14,7.271428571
nm0424186,Karl John,10,7.27
nm1049183,John Regala,13,7.269230769
nm0605270,Masayuki Mori,33,7.266666667
nm0193005,Frank Currier,15,7.266666667
nm0589498,Warren Miller,18,7.266666667
nm0438854,Karamana Janardanan Nair,12,7.266666667
nm0654874,Erdal ??zyagcilar,11,7.263636364
nm0812408,Ruzica Sokic,19,7.263157895
nm0746996,Dilip Roy,13,7.261538462
nm0159332,Ahindra Choudhury,13,7.261538462
nm0612334,Ranjit Mallick,65,7.26
nm0004576,Shobhan Babu,42,7.25952381
nm0619938,Tatsuya Nakadai,70,7.258571429
nm0831262,Danilo 'Bata' Stojkovic,24,7.258333333
nm0586152,Vassil Mihajlov,19,7.257894737
nm0003540,Nikolay Cherkasov,27,7.255555556
nm0516001,Harold Lloyd,18,7.255555556
nm0176035,George Constantin,30,7.253333333
nm0631705,Fyodor Nikitin,12,7.25
nm3745028,Maudy Ayunda,10,7.25
nm1679769,Marieve Herington,22,7.25
nm0960236,Lajos ??ze,10,7.25
nm0073353,Aleksandar Bercek,26,7.246153846
nm0791541,Ariadna Shengelaia,13,7.246153846
nm0837701,Chintara Sukapatana,11,7.245454545
nm0000038,Grace Kelly,11,7.245454545
nm1468944,Chie Nakamura,11,7.245454545
nm0555597,Chico Marx,14,7.242857143
nm0707367,Rajasulochana,21,7.242857143
nm0454087,Isao Kimura,24,7.241666667
nm1040603,Bujar Lako,10,7.24
nm0765359,Romnick Sarmenta,10,7.24
nm0119860,Ioana Bulca,10,7.24
nm1194078,Chandrababu,10,7.24
nm0708032,V.K. Ramasami,28,7.239285714
nm0001050,Montgomery Clift,16,7.2375
nm0648193,Draga Olteanu Matei,16,7.2375
nm4741033,Dayahang Rai,19,7.236842105
nm0273766,Severo Fern??ndez,11,7.236363636
nm0407454,Sh??ichi Ikeda,17,7.235294118
nm0354795,Indrani Haldar,20,7.235
nm0436189,Georgi Kaloyanchev,24,7.233333333
nm0096835,Aleksandr Borisov,12,7.233333333
nm0707972,Allu Ramalingaiah,43,7.23255814
nm0555708,Felisa Mary,11,7.227272727
nm0822074,Wyndham Standing,11,7.227272727
nm0780038,Alexander Scourby,11,7.227272727
nm0435289,Aleksandr Kaydanovskiy,17,7.223529412
nm0087807,Assen Blatechki,13,7.223076923
nm0086984,Nida Blanca,31,7.222580645
nm0657505,Amol Palekar,32,7.221875
nm0226699,Bogdan Diklic,23,7.22173913
nm2347196,Subodh Bhave,29,7.220689655
nm1126309,Sudhir Joshi,16,7.21875
nm0250757,Ureo Egawa,11,7.218181818
nm1033013,Ramachandran T.R.,11,7.218181818
nm0000012,Bette Davis,83,7.215662651
nm0205406,Rufe Davis,16,7.2125
nm0652961,Nobuko Otowa,59,7.211864407
nm0872717,Filip Trifonov,17,7.211764706
nm0609547,George Motoi,18,7.211111111
nm1125166,Ashokan,48,7.210416667
nm0875145,Kosta Tsonev,29,7.210344828
nm0645402,Eiji Okada,30,7.21
nm0757087,Maaya Sakamoto,30,7.21
nm0246582,Gloria Diaz,20,7.21
nm0660311,Anatoliy Papanov,31,7.209677419
nm0459030,Rudolf Klein-Rogge,11,7.209090909
nm0135944,Ion Caramitru,27,7.207407407
nm0695863,June Preisser,14,7.207142857
nm0618690,Matheus Nachtergaele,15,7.206666667
nm0753479,Chish?? Ry??,45,7.204444444
nm0534870,Madhubala,45,7.202222222
nm0632560,Vijaya Nirmala,12,7.2
nm0383092,Sachiko Hidari,17,7.2
nm0023096,Alummoodan,15,7.2
nm0538513,Avtandil Makharadze,11,7.2
nm0129396,H??ctor Calca??o,12,7.2
nm0017062,Mircea Albulescu,44,7.2
nm0645409,Yoshiko Okada,10,7.2
nm0952624,Florin Zamfirescu,13,7.2
nm0875366,Yumeji Tsukioka,11,7.2
nm6174822,Ragini,11,7.2
nm0785524,Enrique Serrano,17,7.194117647
nm0315553,Krishna Ghattamaneni,60,7.193333333
nm0960033,Akio ??tsuka,15,7.193333333
nm0467797,Konstantin Kotsev,14,7.192857143
nm1269796,Mahendra Perera,14,7.192857143
nm0709777,Ravindra Randeniya,13,7.192307692
nm0854590,H??di Temessy,13,7.192307692
nm0817135,Neda Spasojevic,11,7.190909091
nm1379330,Nimu Bhowmick,10,7.19
nm2633535,Asa Butterfield,10,7.19
nm0945836,Eijir?? Yanagi,10,7.19
nm0623321,Sadhana,28,7.189285714
nm0517034,Rio Locsin,21,7.185714286
nm0616729,Harry Myers,14,7.185714286
nm0029820,Marcel Anghelescu,14,7.185714286
nm0004468,Somayajulu J.V.,18,7.183333333
nm0158297,Aleksandr Chistyakov,12,7.183333333
nm0882915,Grigor Vachkov,17,7.182352941
nm0709993,Faina Ranevskaya,11,7.181818182
nm1738197,Swwapnil Joshi,10,7.18
nm0945544,Hisako Yamane,13,7.176923077
nm0084429,Dhira Biswal,12,7.175
nm0019712,Nina Alisova,12,7.175
nm0218475,Alla Demidova,16,7.175
nm0157105,Sofiko Chiaureli,19,7.173684211
nm0015285,Champa,15,7.173333333
nm0034836,Ineko Arima,22,7.172727273
nm1397299,Shakuntala Barua,11,7.172727273
nm0865341,Nikola Todev,11,7.172727273
nm0542502,Manjula,17,7.170588235
nm0005212,Ian McKellen,34,7.170588235
nm0419655,Jayachitra,27,7.17037037
nm5754203,Tabla Nani,10,7.17
nm0236736,Dragomir Felba,20,7.17
nm0546689,Remus Margineanu,13,7.169230769
nm0357194,Judit Hal??sz,16,7.16875
nm0067871,Radu Beligan,19,7.168421053
nm0657185,Tapas Pal,43,7.16744186
nm0556434,Algimantas Masiulis,12,7.166666667
nm0088250,Claudiu Bleont,12,7.166666667
nm0014959,Aja,42,7.166666667
nm0004467,Satyanarayana Kaikala,124,7.166129032
nm0632561,Nirmalamma,17,7.164705882
nm0067369,Bolot Beyshenaliev,11,7.163636364
nm0754177,Varalakshmi S.,38,7.163157895
nm0793766,Takashi Shimura,51,7.162745098
nm0548664,Olivera Markovic,21,7.161904762
nm0899517,Dorel Visan,25,7.16
nm0324553,Bernhard Goetzke,10,7.16
nm0611423,Enrique Mui??o,10,7.16
nm0682726,Florin Piersic,19,7.157894737
nm3261450,Diganth,14,7.157142857
nm0199102,Stefan Danailov,32,7.15625
nm0473984,Yoshiko Kuga,33,7.154545455
nm0913796,Fumio Watanabe,24,7.154166667
nm0637040,Ivor Novello,15,7.153333333
nm0847301,Hideko Takamine,53,7.152830189
nm0433887,K.R. Vijaya,36,7.152777778
nm0174457,Dan Condurache,23,7.152173913
nm4043111,Vijay Sethupathi,23,7.152173913
nm0202135,Sabur?? Date,10,7.15
nm0592490,Andrey Mironov,18,7.15
nm0452817,Kirin Kiki,18,7.15
nm0069415,Vladimir Belokurov,12,7.15
nm0949069,Hidetaka Yoshioka,20,7.15
nm0797947,Stefan Sileanu,10,7.15
nm0601596,Matt Moore,20,7.15
nm0224441,Mircea Diaconu,39,7.146153846
nm0478352,L. Vijayalakshmi,13,7.146153846
nm0038290,Y??ko Asagami,11,7.145454545
nm0904236,Olivera Katarina,11,7.145454545
nm0209649,Christopher De Leon,73,7.145205479
nm0059823,Relja Basic,20,7.145
nm0126607,Lajos B??sti,18,7.144444444
nm0432041,Jenny Jugo,18,7.144444444
nm0104103,Vojislav 'Voja' Brajovic,16,7.14375
nm0490254,Zolt??n Latinovits,30,7.143333333
nm0059145,Geo Barton,14,7.142857143
nm0134662,Eddie Cantor,14,7.142857143
nm0691057,Pavel Popandov,14,7.142857143
nm0244884,Utpal Dutt,93,7.141935484
nm0305509,Delia Garc??s,12,7.141666667
nm0149816,Chiranjit,24,7.141666667
nm0066800,Faruk Begolli,12,7.141666667
nm0232196,Robert Donat,17,7.141176471
nm1212722,Benedict Cumberbatch,17,7.141176471
nm0307435,Erast Garin,17,7.141176471
nm0913822,Ken Watanabe,22,7.140909091
nm0350453,Jake Gyllenhaal,27,7.140740741
nm0283901,Vladimir Fogel,10,7.14
nm0284717,Malini Fonseka,15,7.14
nm0000315,Louise Brooks,15,7.14
nm0476802,Yelena Kuzmina,10,7.14
nm0424743,Celia Johnson,10,7.14
nm1111195,Regine Velasquez,16,7.1375
nm1241555,Jitendra Joshi,11,7.136363636
nm0469434,Saveliy Kramarov,11,7.136363636
nm0755113,Sachin,25,7.136
nm0267434,Humayun Faridi,14,7.135714286
nm0630197,Sergiu Nicolaescu,17,7.135294118
nm0227708,Gheorghe Dinica,57,7.135087719
nm0897227,Vijayshanti,56,7.133928571
nm0420065,Kalina Jedrusik,12,7.133333333
nm0535597,Ernest Maftei,12,7.133333333
nm0043396,Keiko Awaji,18,7.133333333
nm0361697,Setsuko Hara,34,7.132352941
nm0474864,Ravi Kumar,10,7.13
nm0895034,Anastasiya Vertinskaya,10,7.13
nm0149862,Chalam,10,7.13
nm0707345,A.V.M. Rajan,10,7.13
nm0594728,Yaeko Mizutani,10,7.13
nm0666734,Vytautas Paukste,10,7.13
nm0004472,Nutan Prasad,38,7.128947368
nm0156928,Minoru Chiaki,14,7.128571429
nm0214348,Unnimary,21,7.128571429
nm0468708,Mami Koyama,14,7.128571429
nm2204932,Ravindra Berde,11,7.127272727
nm0441351,G?? Kat??,19,7.126315789
nm0000450,Philip Seymour Hoffman,28,7.125
nm0001373,Linda Hunt,17,7.123529412
nm0465244,Mikhail Kononov,13,7.123076923
nm0612847,Paul Muni,22,7.122727273
nm0000027,Alec Guinness,36,7.122222222
nm0227347,Slobodan Dimitrijevic,14,7.121428571
nm0038960,Izumi Ashikawa,14,7.121428571
nm0024259,Ambarish,20,7.12
nm0306723,Vladimir Gardin,15,7.12
nm0837503,Haruko Sugimura,22,7.118181818
nm0879335,Vania Tzvetkova,11,7.118181818
nm0944779,Kaoru Yachigusa,17,7.117647059
nm0154142,Nripati Chatterjee,12,7.116666667
nm0883697,Ronaldo Valdez,18,7.116666667
nm0409622,Stefan Iordache,20,7.115
nm0945290,K??ichi Yamadera,21,7.114285714
nm0863146,Vyacheslav Tikhonov,29,7.113793103
nm0346616,Anita Guha,24,7.1125
nm0033843,John Arcilla,17,7.111764706
nm1134660,Srikanth,26,7.111538462
nm0438047,Hideo Kanze,10,7.11
nm0304261,Gemini Ganesan,64,7.109375
nm0848796,Takahiro Tamura,33,7.109090909
nm0441961,Daisuke Kat??,23,7.108695652
nm0836267,Mira Stupica,12,7.108333333
nm0623442,Mikhail Nazvanov,12,7.108333333
nm0234068,Eva Dorrepaal,12,7.108333333
nm0124037,Mar??a Esther Buschiazzo,14,7.107142857
nm0244864,Anjan Dutt,15,7.106666667
nm0407329,Ch??ko Iida,31,7.106451613
nm0151572,Rousy Chanev,16,7.10625
nm0456096,Usha Kiran,17,7.105882353
nm0000358,Daniel Day-Lewis,17,7.105882353
nm0496118,Branislav Lecic,17,7.105882353
nm4470621,Shahzoda Matchanova,18,7.105555556
nm0837360,Ichir?? Sugai,19,7.105263158
nm0619309,Nagesh,130,7.104615385
nm0645422,Mariko Okada,47,7.104255319
nm0001536,Toshir?? Mifune,98,7.103061224
nm1770376,Sharifah Amani,15,7.1
nm0798130,Milton Sills,15,7.1
nm0535800,Jolina Magdangal,13,7.1
nm0926599,May Whitty,10,7.1
nm4921260,Dulquer Salmaan,19,7.1
nm0407970,Igor Ilyinsky,17,7.1
nm0227406,Mariana Dimitrova,10,7.1
nm0765270,Laboni Sarkar,19,7.1
nm0570856,Mikk Mikiver,10,7.1
nm0847594,Junko Takeuchi,17,7.1
nm0190217,Tirso Cruz III,18,7.1
nm0313768,Georgi Georgiev-Getz,22,7.095454545
nm0539497,Pavan Malhotra,19,7.094736842
nm0854368,Valentina Telichkina,19,7.094736842
nm0384908,Wendy Hiller,15,7.093333333
nm0593957,Prabir Mitra,15,7.093333333
nm0049446,Leopoldina Balanuta,14,7.092857143
nm0080889,Polde Bibic,14,7.092857143
nm0820182,Milan Srdoc,14,7.092857143
nm0210295,Michael De Mesa,27,7.092592593
nm0323576,Hilda Gobbi,13,7.092307692
nm0045754,Olga Baclanova,12,7.091666667
nm0001570,Edward Norton,24,7.091666667
nm0800660,Nikolai Simonov,12,7.091666667
nm0415561,Jagdish Sethi,12,7.091666667
nm0954217,Dusica Zegarac,23,7.091304348
nm0108539,Rafael Brice??o,11,7.090909091
nm0841501,Mack Swain,10,7.09
nm0000045,Bruce Lee,18,7.088888889
nm0837925,Margaret Sullavan,17,7.088235294
nm0945085,Yuriy Yakovlev,25,7.088
nm0246947,Annemarie D??ringer,23,7.086956522
nm3462447,Shivarajkumar,23,7.086956522
nm0757104,Takeshi Sakamoto,15,7.086666667
nm0555617,Harpo Marx,15,7.086666667
nm0957323,Milivoje Zivanovic,15,7.086666667
nm0720029,Alexandru Repan,15,7.086666667
nm0004292,Raj Kapoor,52,7.086538462
nm0052767,Margit Bara,14,7.085714286
nm1138456,Umashree,14,7.085714286
nm0442886,Hiroko Kawasaki,14,7.085714286
nm1741333,Sid Lucero,13,7.084615385
nm0664605,Katya Paskaleva,19,7.084210526
nm0849011,Kinuyo Tanaka,61,7.083606557
nm0331516,Ryan Gosling,23,7.082608696
nm0586645,Ivan Mykolaichuk,17,7.082352941
nm0691324,Andrei Popov,17,7.082352941
nm0705356,Daniel Radcliffe,17,7.082352941
nm0146278,Magda Catone,17,7.082352941
nm0001429,Takeshi Kitano,28,7.082142857
nm0158856,Min-sik Choi,22,7.081818182
nm0333746,Robert Graf,11,7.081818182
nm0129850,Dara Calenic,11,7.081818182
nm1372014,Joy Sengupta,11,7.081818182
nm0846308,Ljuba Tadic,38,7.081578947
nm0407030,Hisashi Igawa,21,7.080952381
nm0209644,Angelu De Leon,10,7.08
nm0685345,Guram Pirtskhalava,15,7.08
nm0140459,Hugo del Carril,28,7.078571429
nm0151815,Shih Chang,18,7.077777778
nm0001230,Harrison Ford,25,7.076
nm0031832,Tomio Aoki,20,7.075
nm1794380,Fauzi Baadila,11,7.072727273
nm0814280,Kang-ho Song,22,7.072727273
nm0310618,Aleksandar Gavric,14,7.071428571
nm0765248,Saritha,24,7.070833333
nm0945734,Tsutomu Yamazaki,37,7.07027027
nm0326744,Mikhail Golubovich,10,7.07
nm1106049,Bb Gandanghari,10,7.07
nm0596481,Ovidiu Iulian Moldovan,20,7.07
nm0154118,Biplab Chatterjee,43,7.069767442
nm0001985,Christy Canyon,26,7.069230769
nm0314210,Zinoviy Gerdt,16,7.06875
nm1138228,Thengai Srinivasan,22,7.068181818
nm0007941,Bud Abbott,36,7.066666667
nm0712224,Colea Rautu,18,7.066666667
nm0793879,Eitar?? Shind??,18,7.066666667
nm0286924,Willi Forst,21,7.066666667
nm0237244,Milena Dravic,67,7.065671642
nm0881303,J??kichi Uno,20,7.065
nm0385443,Shin'ichi Himori,17,7.064705882
nm0431212,Louis Jouvet,31,7.064516129
nm3424482,Anindya Pulak Banerjee,14,7.064285714
nm0269197,Ren??e Faure,14,7.064285714
nm0299228,T??ru Furuya,25,7.064
nm0556399,Giulietta Masina,22,7.063636364
nm0257844,Cas Enklaar,11,7.063636364
nm0356067,Roxanne Hall,11,7.063636364
nm1167164,Cho Ramaswamy,35,7.062857143
nm0511276,Anita Linda,24,7.0625
nm0342488,Rupert Grint,13,7.061538462
nm0126566,Vilma B??nky,13,7.061538462
nm0037304,Santiago Arrieta,13,7.061538462
nm3909445,Devaraj,13,7.061538462
nm0000046,Vivien Leigh,18,7.061111111
nm0052333,Kanu Bannerjee,10,7.06
nm0661759,Andr??a Parisy,10,7.06
nm1232141,Alice Dixson,20,7.06
nm0228136,Constantin Diplan,10,7.06
nm1127958,Yograj Singh,10,7.06
nm0849028,Mayumi Tanaka,20,7.06
nm0876129,Olga Tudorache,10,7.06
nm0880761,Mikhail Ulyanov,37,7.059459459
nm0633997,Yumiko Nogawa,12,7.058333333
nm0014087,Fauziah Ahmad Daud,12,7.058333333
nm0270443,Bekim Fehmiu,22,7.054545455
nm0086830,Olive Blakeney,11,7.054545455
nm0477553,Machiko Ky??,33,7.054545455
nm0523733,Liping L??,11,7.054545455
nm2095800,Marina Inoue,11,7.054545455
nm0306624,Carlos Gardel,11,7.054545455
nm0069964,Fatima Ben Sa??dane,13,7.053846154
nm0706790,Bina Rai,15,7.053333333
nm0394690,Ry?? Horikawa,15,7.053333333
nm0580959,Vasiliy Merkurev,17,7.052941176
nm0457219,Ky??ko Kishida,19,7.052631579
nm0352032,Kamal Haasan,175,7.052
nm0474801,Dilip Kumar,56,7.051785714
nm0000288,Christian Bale,35,7.051428571
nm0154122,Dhritiman Chatterjee,20,7.05
nm0875442,Hiromi Tsuru,14,7.05
nm0000071,James Stewart,72,7.05
nm0950825,Izumi Yukimura,10,7.05
nm0407169,Istv??n Igl??di,10,7.05
nm0613872,Ana Ofelia Murgu??a,12,7.05
nm0060002,Vladimir Basov,16,7.05
nm1807524,Anju,10,7.05
nm0278384,Itschak Fintzi,29,7.048275862
nm0000030,Audrey Hepburn,21,7.047619048
nm0277070,Frantisek Filipovsk??,19,7.047368421
nm0417582,Dusan Janicijevic,19,7.047368421
nm0442876,Ch??ichir?? Kawarasaki,15,7.046666667
nm3822770,Rajkummar Rao,15,7.046666667
nm0476179,Mitsuko Kusabue,15,7.046666667
nm0766225,Kei Sat??,28,7.046428571
nm0168538,Constantin Codrescu,13,7.046153846
nm1100058,Yul Servo,13,7.046153846
nm3126674,Rio Dewanto,11,7.045454545
nm1057856,Priya Arun,11,7.045454545
nm0002231,Gian Maria Volont??,47,7.044680851
nm0182579,Lou Costello,36,7.044444444
nm0879957,Hitoshi Ueki,18,7.044444444
nm0462122,Otar Koberidze,18,7.044444444
nm0590940,Y??ko Minamida,18,7.044444444
nm0586129,Stefan Mihailescu-Braila,14,7.042857143
nm0012881,Mohan Agashe,43,7.041860465
nm1020089,Sally Hawkins,12,7.041666667
nm0647461,Sabina Olmos,12,7.041666667
nm0022508,Zephi Alsec,12,7.041666667
nm0570006,Malcolm McGregor,15,7.04
nm1748588,Pavithra Lokesh,10,7.04
nm0775799,Heinz Schubert,10,7.04
nm0687451,Nikolai Plotnikov,10,7.04
nm0001963,Jesse Borrego,10,7.04
nm0347075,Laurice Guillen,10,7.04
nm1175014,Flavio Bauraqui,10,7.04
nm0623126,Bojan Navojec,10,7.04
nm0007124,Suhasini,69,7.039130435
nm0619227,Hiroyuki Nagato,31,7.038709677
nm0050151,Betty Balfour,13,7.038461538
nm0398703,Rudolf Hrus??nsk??,55,7.038181818
nm0049382,T.S. Balaiah,16,7.0375
nm0620471,Rodion Nahapetov,16,7.0375
nm0410908,Ayumi Ishida,11,7.036363636
nm0340005,Ivo Gregurevic,33,7.036363636
nm3938215,Prakash Bare,11,7.036363636
nm0945354,Shirley Yamaguchi,11,7.036363636
nm0436859,Kammo,11,7.036363636
nm0955495,Lei Zhao,11,7.036363636
nm0047962,Chieko Baish??,78,7.034615385
nm0000023,Judy Garland,26,7.034615385
nm0906723,Ayako Wakao,55,7.034545455
nm0043398,Chikage Awashima,32,7.034375
nm0945322,Kappei Yamaguchi,24,7.033333333
nm0594062,K??ji Mitsui,12,7.033333333
nm0610628,Marianna Mo??r,12,7.033333333
nm0997115,Miyu Irino,15,7.033333333
nm0422392,Evgeniy Evstigneev,33,7.033333333
nm0051060,Miha Baloh,19,7.031578947
nm0053873,Marga Barbu,19,7.031578947
nm0632757,K?? Nishimura,29,7.031034483
nm0764769,Ashok Saraf,55,7.030909091
nm0490708,Liubomiras Laucevicius,13,7.030769231
nm0797531,Simone Signoret,43,7.030232558
nm0177933,Chris Cooper,20,7.03
nm3089359,Ananya Chatterjee,10,7.03
nm1156988,Stan Harrington,10,7.03
nm0311731,Gogi Gegechkori,10,7.03
nm0118312,Tamara Buciuceanu-Botez,10,7.03
nm0442951,Seizabur?? Kawazu,27,7.02962963
nm0354604,Christine Hakim,17,7.029411765
nm0438488,Pankaj Kapur,21,7.028571429
nm5706132,Radhika Pandit,14,7.028571429
nm0610620,Ivan Mozzhukhin,28,7.028571429
nm0867401,Taiji Tonoyama,18,7.027777778
nm0524494,Leon Lucev,18,7.027777778
nm0001932,Richard Barthelmess,40,7.0275
nm0315640,Luminita Gheorghiu,11,7.027272727
nm0462494,Afanasi Kochetkov,11,7.027272727
nm2046691,Irandhir Santos,11,7.027272727
nm0890632,Andi Vasluianu,15,7.026666667
nm0361676,Kensaku Hara,15,7.026666667
nm0275897,Betty Field,15,7.026666667
nm5758702,V. Ravichandran,19,7.026315789
nm0185504,Gheorghe Cozorici,24,7.025
nm0531738,Grace McDonald,16,7.025
nm0469398,Petar Kralj,12,7.025
nm0441085,George Katt,12,7.025
nm0094135,Beulah Bondi,24,7.025
nm0158528,Ramaz Chkhikvadze,26,7.023076923
nm1727304,Domhnall Gleeson,13,7.023076923
nm0370677,Megumi Hayashibara,31,7.022580645
nm0001256,Greta Garbo,27,7.022222222
nm0015360,Filiz Akin,115,7.02173913
nm0322977,Nebojsa Glogovac,23,7.02173913
nm0354313,William Haines,29,7.020689655
nm0187284,Laird Cregar,10,7.02
nm0411146,Kenjir?? Ishiyama,10,7.02
nm0602959,Polly Moran,15,7.02
nm0006890,Paul Scofield,20,7.02
nm0538048,Krzysztof Majchrzak,10,7.02
nm0126549,J??nos B??n,10,7.02
nm0001020,Katrin Cartlidge,10,7.02
nm0091072,Gyula Bodrogi,16,7.01875
nm0299540,Zoya Fyodorova,16,7.01875
nm0204296,Buffy Davis,16,7.01875
nm0223044,Karan Dewan,11,7.018181818
nm0848984,Haruo Tanaka,11,7.018181818
nm0865396,Marko Todorovic,11,7.018181818
nm0619077,Ichir?? Nagai,12,7.016666667
nm0004432,Prithviraj Kapoor,30,7.016666667
nm0945222,Isuzu Yamada,37,7.016216216
nm0945522,S?? Yamamura,38,7.015789474
nm0173519,Cornel Coman,13,7.015384615
nm0437520,Nobuo Kaneko,27,7.014814815
nm0345073,Gustaf Gr??ndgens,21,7.014285714
nm0434595,Ry??suke Kagawa,14,7.014285714
nm0847698,Osamu Takizawa,15,7.013333333
nm0329727,Gopi,45,7.013333333
nm0000603,Vanessa Redgrave,55,7.012727273
nm0001273,Lillian Gish,33,7.012121212
nm0014656,Raymond Aimos,17,7.011764706
nm0009486,Tommy Abuel,18,7.011111111
nm0820266,Sripriya,27,7.011111111
nm0561415,Stefan Mavrodiyev,19,7.010526316
nm0042552,William Austin,10,7.01
nm0091598,Yuriy Bogatyryov,10,7.01
nm0594702,Michitar?? Mizushima,10,7.01
nm1458971,Arkadiusz Jakubik,11,7.009090909
nm0031446,Aleksandr Antonov,11,7.009090909
nm0201780,Iv??n Darvas,25,7.008
nm0921459,Oskar Werner,13,7.007692308
nm0947238,Oleg Efremov,27,7.007407407
nm0493668,Dorina Lazar,14,7.007142857
nm1139300,Major Sundarrajan,28,7.007142857
nm0475707,Komaki Kurihara,14,7.007142857
nm1747510,Doddanna,14,7.007142857
nm0624747,Noel Neill,15,7.006666667
nm0945131,K??ji Yakusho,46,7.006521739
nm0654726,Sh??ichi Ozawa,16,7.00625
nm0359219,Hajime Hana,17,7.005882353
nm0201903,Nandita Das,35,7.005714286
nm0538423,Tamara Makarova,18,7.005555556
nm2412823,Yun-seok Kim,20,7.005
nm0830293,Jack Wrangler,20,7.005
nm0001211,W.C. Fields,26,7.003846154
nm0463152,Michiyo Kogure,28,7.003571429
nm0002092,John Garfield,29,7.003448276
nm0052031,Mira Banjac,19,7
nm0750184,Nadezhda Rumyantseva,14,7
nm0149218,Chaf??rin,20,7
nm0875477,Keiko Tsushima,15,7
nm0693848,Saeed Poursamimi,11,7
nm0233107,Sergey Dreyden,14,7
nm0773525,Sybille Schmitz,19,7
nm1397536,Pallavi Chatterjee,10,7
nm0161672,Marcelo Ch??vez,30,7
nm0056995,Claudine Barretto,22,7
nm0714878,Michael Redgrave,43,7
nm0575671,Pen Medina,11,7
nm0441173,Akihiko Katayama,10,7
nm0147143,Orestes Caviglia,11,7
nm0329467,Harold Goodwin,11,7
nm0015592,Sevda Aktolga,10,7
nm0720159,Rene Requiestas,15,7
nm0436430,Valcho Kamarashev,17,7
nm0237985,Bobby Driscoll,10,7
nm0945066,Girts Jakovlevs,11,7
nm0756998,Furank?? Sakai,16,7
nm0361669,Sen Hara,13,7
nm0762277,Adele Sandrock,21,7
nm0094081,Natalya Bondarchuk,14,7
nm0080391,Adoor Bhawani,11,7
nm0605662,Hisaya Morishige,37,6.997297297
nm1121870,Mahesh Babu,34,6.997058824
nm0462013,Keiju Kobayashi,38,6.994736842
nm0404885,Leila Hyams,34,6.994117647
nm2977461,Saori Hayami,17,6.994117647
nm0611285,Aga Muhlach,30,6.993333333
nm0622407,Yui Natsukawa,15,6.993333333
nm0793726,Masami Shimoj??,15,6.993333333
nm0865994,Lorna Tolentino,29,6.993103448
nm0816297,Filip Sovagovic,14,6.992857143
nm0818055,Octavia Spencer,14,6.992857143
nm0564219,May McAvoy,14,6.992857143
nm0194143,Zoran Cvijanovic,13,6.992307692
nm0594421,Nobuko Miyamoto,12,6.991666667
nm0348490,Rajendra Gupta,12,6.991666667
nm0905147,Jutta Wachowiak,11,6.990909091
nm0529695,Marcel L??vesque,11,6.990909091
nm3809372,Nayyar Ejaz,11,6.990909091
nm1119422,Ravichandran,11,6.990909091
nm0867391,Eijir?? T??no,21,6.99047619
nm0579445,Menaka,19,6.989473684
nm0945414,Fujiko Yamamoto,18,6.988888889
nm0620630,M.N. Nambiar,77,6.988311688
nm0441526,Shintar?? Katsu,81,6.987654321
nm1387306,Koushik Sen,15,6.986666667
nm0709657,Nikki Randall,15,6.986666667
nm0352967,Emir Hadzihafizbegovic,15,6.986666667
nm0846616,Sharmila Tagore,73,6.98630137
nm1126254,Jaishankar,36,6.986111111
nm0554178,Sergey Martinson,14,6.985714286
nm0000795,Jean Arthur,52,6.984615385
nm0843448,Tamara Syomina,19,6.984210526
nm0409588,Serban Ionescu,19,6.984210526
nm0042564,Amy Austria,24,6.983333333
nm0046850,Bahadur,29,6.982758621
nm0386179,Mikijir?? Hira,17,6.982352941
nm0032900,Shinobu Araki,11,6.981818182
nm0563264,Stoycho Mazgalov,11,6.981818182
nm0000044,Burt Lancaster,69,6.98115942
nm0896554,Oleg Vidov,15,6.98
nm0914612,Emma Watson,15,6.98
nm0687450,Boris Plotnikov,10,6.98
nm1385304,Ismail Hacioglu,10,6.98
nm0449908,Norman Kerry,20,6.98
nm0472622,Lev Kruglyy,10,6.98
nm0623417,Alla Nazimova,10,6.98
nm0413168,Hugh Jackman,29,6.979310345
nm0919624,Niles Welch,19,6.978947368
nm1101677,Jun Fukuyama,14,6.978571429
nm0001657,Oliver Reed,69,6.97826087
nm0651216,Mecha Ortiz,26,6.976923077
nm0638151,Nurhan Nur,13,6.976923077
nm0119951,Raimonda Bulku,12,6.975
nm0386414,Ry??ko Hirosue,20,6.975
nm0762966,Sh??ji Sano,20,6.975
nm0158019,Sebasti??n Chiola,12,6.975
nm3760302,Amrinder Gill,12,6.975
nm0153973,Lyuben Chatalov,23,6.973913043
nm0609944,Wagner Moura,15,6.973333333
nm0082869,Nikolai Binev,11,6.972727273
nm0406700,Etsuko Ichihara,11,6.972727273
nm0392447,Jany Holt,11,6.972727273
nm0066807,Ena Begovic,11,6.972727273
nm0644561,Mayumi Ogawa,18,6.972222222
nm0329832,Leo Gorcey,68,6.972058824
nm0297869,Kamatari Fujiwara,25,6.972
nm0315116,Erwin Geschonneck,25,6.972
nm1318578,Tannishtha Chatterjee,25,6.972
nm0408494,Estela Inda,10,6.97
nm0903869,Tasha Voux,10,6.97
nm0422638,Wen Jiang,20,6.97
nm0380164,Vicky Hern??ndez,10,6.97
nm0001452,Charles Laughton,43,6.969767442
nm0044183,Azeez,13,6.969230769
nm0822477,Forrest Stanley,13,6.969230769
nm0012294,Joop Admiraal,13,6.969230769
nm0329827,Bernard Gorcey,13,6.969230769
nm0529964,Ignacio L??pez Tarso,32,6.96875
nm0890330,Magda V??s??ryov??,16,6.96875
nm0687173,Branko Plesa,12,6.966666667
nm0484968,Pavel Landovsk??,15,6.966666667
nm0535332,Gin Maeda,21,6.966666667
nm0794885,Hristo Shopov,12,6.966666667
nm0800386,Simone Simon,27,6.966666667
nm0593001,Ivan Mistr??k,12,6.966666667
nm0317737,Cherie Gil,21,6.966666667
nm0806041,Everett Sloane,12,6.966666667
nm0841214,Lev Sverdlin,12,6.966666667
nm1107053,Robin Padilla,38,6.965789474
nm0879945,Ken Uehara,29,6.965517241
nm0369412,P??ter Haumann,17,6.964705882
nm0645554,Yaman Okay,17,6.964705882
nm0637603,Hitomi Nozoe,14,6.964285714
nm0468711,Rikiya Koyama,11,6.963636364
nm0866010,Sidney Toler,33,6.963636364
nm0209323,Marguerite De La Motte,11,6.963636364
nm0000537,Steve McQueen,27,6.962962963
nm0705549,Radha,51,6.962745098
nm0914778,Lucile Watson,16,6.9625
nm0613581,Lili Mur??ti,16,6.9625
nm0945101,Lala Yaqoob,13,6.961538462
nm0840721,Hirotaka Suzuoki,13,6.961538462
nm0151860,Yang Chang,13,6.961538462
nm0764156,Judy Ann Santos,36,6.961111111
nm0326553,Maruthirao Gollapudi,25,6.96
nm0844141,??d??m Szirtes,25,6.96
nm0031844,Takeshi Aono,15,6.96
nm0624735,James Neill,10,6.96
nm0038273,Miyoko Asada,10,6.96
nm0768031,Sadako Sawamura,10,6.96
nm0439784,Girish Karnad,52,6.959615385
nm1679372,Sudeep,49,6.959183673
nm0866264,Yuriy Tolubeev,17,6.958823529
nm0386286,Hiroaki Hirata,17,6.958823529
nm0078725,Ion Besoiu,31,6.958064516
nm0753567,Imre R??day,19,6.957894737
nm0595897,Mohan,26,6.957692308
nm0411770,Y??nosuke It??,28,6.957142857
nm0000007,Humphrey Bogart,72,6.956944444
nm0122050,Georgiy Burkov,30,6.956666667
nm0892306,Mar??a Elena Velasco,16,6.95625
nm0001414,Danny Kaye,16,6.95625
nm0945299,Isao Yamagata,16,6.95625
nm0176037,Jean Constantin,25,6.956
nm0000142,Clint Eastwood,51,6.954901961
nm0671231,Matti Pellonp????,11,6.954545455
